2026-06-09T15:52:26,build,56.5
2026-06-09T15:52:31,build,59.3
2026-06-09T15:52:36,build,73.3
2026-06-09T15:52:41,build,48.8
2026-06-09T15:52:46,build,59.6
2026-06-09T15:52:51,build,56.7
2026-06-09T15:52:56,build,55.0
2026-06-09T15:53:01,build,54.2
2026-06-09T15:53:06,build,64.3
2026-06-09T15:53:11,build,54.3
2026-06-09T15:53:16,build,54.9
2026-06-09T15:53:21,build,55.3
2026-06-09T15:53:26,build,62.4
2026-06-09T15:53:31,build,56.7
2026-06-09T15:53:36,build,72.1
2026-06-09T15:53:41,build,53.4
2026-06-09T15:53:46,build,55.3
2026-06-09T15:53:51,build,56.0
2026-06-09T15:53:56,build,56.2
2026-06-09T15:54:01,build,55.3
2026-06-09T15:54:06,build,60.5
2026-06-09T15:54:11,build,56.7
2026-06-09T15:54:16,build,55.2
2026-06-09T15:54:21,build,54.1
2026-06-09T15:54:26,build,54.4
2026-06-09T15:54:31,build,58.0
2026-06-09T15:54:36,build,55.4
2026-06-09T15:54:41,build,72.2
2026-06-09T15:54:46,build,56.4
2026-06-09T15:54:51,build,55.3
2026-06-09T15:54:56,build,54.1
2026-06-09T15:55:01,build,53.5
2026-06-09T15:55:06,build,54.7
2026-06-09T15:55:11,build,62.9
2026-06-09T15:55:16,build,53.3
2026-06-09T15:55:21,build,55.2
2026-06-09T15:55:26,build,56.2
2026-06-09T15:55:31,build,54.4
2026-06-09T15:55:36,build,61.6
2026-06-09T15:55:41,build,62.4
2026-06-09T15:55:46,build,54.0
2026-06-09T15:55:51,build,54.0
2026-06-09T15:55:56,build,54.5
2026-06-09T15:56:01,build,60.0
2026-06-09T15:56:06,build,55.6
2026-06-09T15:56:11,build,64.1
2026-06-09T15:56:16,build,55.7
2026-06-09T15:56:21,build,56.3
2026-06-09T15:56:30,power_test,85.6
2026-06-09T15:56:35,power_test,85.6
2026-06-09T15:56:40,power_test,83.8
2026-06-09T15:56:45,power_test,74.9
2026-06-09T15:56:50,power_test,79.2
2026-06-09T15:56:55,power_test,86.7
2026-06-09T15:57:00,power_test,80.4
2026-06-09T15:57:05,power_test,77.2
2026-06-09T15:57:10,power_test,93.7
2026-06-09T15:57:15,power_test,85.3
2026-06-09T15:57:20,power_test,76.8
2026-06-09T15:57:25,power_test,90.1
2026-06-09T15:57:30,power_test,74.0
2026-06-09T15:57:35,power_test,81.4
2026-06-09T15:57:40,power_test,101.5
2026-06-09T15:57:45,power_test,121.1
2026-06-09T15:57:50,power_test,103.4
2026-06-09T15:57:55,power_test,87.6
2026-06-09T15:58:01,throughput_test,127.8
2026-06-09T15:58:06,throughput_test,124.6
2026-06-09T15:58:11,throughput_test,109.6
2026-06-09T15:58:16,throughput_test,128.5
2026-06-09T15:58:21,throughput_test,158.3
2026-06-09T15:58:26,throughput_test,132.0
2026-06-09T15:58:31,throughput_test,102.0
2026-06-09T15:58:36,throughput_test,134.1
2026-06-09T15:58:41,throughput_test,128.9
2026-06-09T15:58:46,throughput_test,140.5
2026-06-09T15:58:51,throughput_test,136.0
2026-06-09T15:58:56,throughput_test,109.7
2026-06-09T15:59:01,throughput_test,122.7
2026-06-09T15:59:07,throughput_test,124.0
2026-06-09T15:59:12,throughput_test,123.3
2026-06-09T15:59:17,throughput_test,111.5
2026-06-09T15:59:22,throughput_test,124.7
2026-06-09T15:59:27,throughput_test,117.0
2026-06-09T15:59:32,throughput_test,151.9
